yhim,hded,yjbq,ybat,glsa,cbpm,cbpa,aidb,cfa,appc,kch,appa,gapc,hyaa,hyaf,ycac,appy,yjju,appb,yjbr,pfkb,yccb,hyae,hyad,yiis,hyab,ycie,ygiw,cada,cuer,uspd,yebv,adic,ygiv,hyac,yqje,dps,hlye,fdx,yqjk,csgf,yegp,yehe,elab,grxb,yjih,yjdn,tpia,rmf,yjjv,nhar,yjdi,ygew,tala,yeaq
hded,ybat,cfa,cbpa,appc,csgd,hyaf,yjbr,yjbq,appa,aidb,ycie,cada,glsa,ycac,hyab,hyae,appb,cbpm,ygiw,yhim,yjdi,gapc,kch,fdx,hyaa,hyad,yiag,pfkb,yiis,yebv,appy,yegp,hyac,adic,yjdn,yccj,ygiv,osme,insz,yeaq,treb,yccb,nana,dps,yqje,uspd,trec,poxb,ygew,yjjv,ykgo,tpia,csgf,hlye
hded,ybat,ycac,aidb,cbpm,glsa,appb,yiis,yhim,kch,hyaf,adic,cfa,uspd,hyab,cbpa,appa,yjbq,yqjk,hyad,gapc,pfkb,appc,yeaq,ycie,yjju,cada,yebv,fdx,poxb,ygiw,yiag,yjdi,hyae,pepb,cuer,hyaa,yjbr,yjjv,yccb,arnt,ydih,elab,yehe,yjdn,dps,yccj,hyac,grxb,hlye,wrba,appy,csgd,csgf,yhjy
hded,glsa,cbpa,yhim,ybat,cbpm,cfa,aidb,yjbq,appa,kch,appc,yjbr,gapc,hyaf,hyad,hyaa,appy,appb,ycac,yccb,ygiw,ycie,yiis,hyab,yjju,adic,pfkb,hcha,hyae,fdx,uspd,yebv,cuer,csgf,hyac,cada,dps,yqje,grxb,yjjv,ygiv,yjih,yegp,tpia,yehe,elab,yjdi,hlye,ygew,yeaq,yjdn,ykgo,poxb,yccj
hded,glsa,yhim,cbpm,aidb,ybat,cfa,yjbq,kch,cbpa,appa,gapc,hyad,appc,yjbr,ycac,hyaa,appy,hyaf,hyae,hyab,appb,adic,yiis,ygiw,cada,pfkb,yccb,yjju,hyac,ycie,yehe,yqje,cuer,yjjv,hlye,yebv,csgf,fdx,poxb,yjdi,dps,uspd,grxb,hcha,ygew,tpia,yiag,ygiv,elab,yeaq,yegp,yqjk,sra,tktb
glsa,yjbq,cbpm,hded,aidb,ybat,gapc,yhim,cbpa,kch,cfa,appb,hyad,yeaq,ycie,hyaf,yiis,ycac,hyaa,yjbr,adic,appa,pfkb,yiag,cada,yehe,appy,yjju,otsa,hyab,hyae,poxb,hyac,uspd,hlye,ydih,appc,ygiw,ygew,tktb,ygiv,grxb,yccb,csgf,elab,yqje,yegp,yccj,cuer,yqjk,fdx,pepb,ycif,yjdi,yjih
wrba,yiag,hded,ydih,uspd,ykgo,yqje,cuer,elab,hyab,gapc,yjbq,hyad,glsa,appy,hyaf,yhim,yahk,adic,aidb,yjdi,yjju,ycac,cfa,insz,yccj,yjbr,kch,hcha,hlye,cada,dps,appb,pfkb,prea,osmb,appa,treb,ygey,tpia,appc,otsa,yiis,tktb,ybat,yjjv,pret,hyaa,ygam,yhco,yeaq,cbpa,psif,uspb,hyac
yhim,ybat,hded,glsa,cbpm,cbpa,yjbq,cfa,aidb,kch,appa,hyaa,appy,hyab,gapc,hyaf,hyae,appc,yiis,appb,yjju,yjbr,ycac,ygiw,hyad,yjjv,adic,pfkb,cada,grxb,ycie,yccb,yqje,cuer,hyac,yebv,uspd,yehe,fdx,elab,csgf,poxb,hcha,ykgo,yegp,yjdi,hlye,yjdn,ygew,yjih,pepb,ygiv,dps,yqjk,rmf
hded,ybat,cbpm,glsa,cfa,yhim,cbpa,aidb,yjbq,kch,hyaa,appa,gapc,hyad,hyaf,appc,appy,yjbr,appb,yccb,hyae,ycac,ycie,yiis,hyab,adic,yjju,ygiw,cada,csgf,cuer,pfkb,hlye,hyac,poxb,yegp,yehe,elab,yebv,yjdi,dps,yqje,grxb,yjjv,csgd,yiag,uspd,tpia,ygiv,hcha,yeaq,fdx,sra,yjdn,ykgo
ybat,hded,glsa,yhim,hyaa,kch,cbpa,adic,appa,hyad,pfkb,gapc,hyaf,cfa,cada,hyae,yjbq,appb,yiis,ycac,appy,cbpm,ygiw,aidb,yjjv,osmb,hyac,yjbr,dps,ygiv,yjdi,hyab,yccj,yegp,yebv,grxb,appc,ygew,treb,elab,csgg,ykgo,yqje,csgf,uspd,yccb,ycie,yqjk,rata,tktb,rmf,yhco,csgd,insz,fdx
cfa,aidb,ybat,hded,yhim,yjbq,cbpa,glsa,hyaa,hyaf,cbpm,kch,hyad,gapc,appc,appa,yjbr,ycac,appb,appy,ycie,hyab,adic,hyac,yjjv,hcha,yjju,cada,yiis,fdx,pfkb,yebv,ygiw,tpia,poxb,yccb,cuer,csgd,yqje,tktb,dps,grxb,hyae,yeaq,csgf,yehe,ygiv,uspd,hlye,yjdi,yjih,yegp,yiag,yjdn,pepb
cbpa,ybat,glsa,aidb,cfa,yhim,appy,yjbq,appa,hded,cbpm,gapc,yegp,yehe,fdx,kch,ycac,appc,ygiv,hyaa,hyae,pfkb,yjbr,appb,yjju,ykgo,hyad,hyaf,yiis,ycie,ygew,cuer,hyab,adic,hyac,arnt,grxb,yjih,csgd,tktb,yccb,ycif,yeaq,ydih,wrba,sra,rata,bcsc,poxb,otsa,csgf,fbab,yjdi,uspd,yjdj
hded,yjbq,cuer,cfa,aidb,appc,kch,pfkb,hyaf,uspd,glsa,csgf,cada,yiis,yhim,ycac,appb,ybat,poxb,ycie,yeaq,yebv,gapc,hyaa,cbpm,yjbr,hyae,elab,ygiw,appa,hyad,yjdi,yegp,otsa,hyab,grxb,yjju,yqjk,yccb,adic,hlye,appy,pepb,cbpa,yccj,ydih,ygiv,fdx,ygew,ivy,yjdj,dps,tpia,tala,fbab
yjbq,yebv,uspd,cuer,yqje,grxb,yhco,kch,sdac,hyad,yhim,fdx,appb,yahk,appc,osme,ydhs,nudf,ydfz,yjdi,hyaf,yiis,yjju,glgc,hyab,hyac,cbpm,appa,arnt,pret,otsa,ybat,ydih,uspb,ycac,yeaq,elab,msyb,adic,hded,xtha,ygfk,tktb,yccb,poxb,cada,yeag,csgg,ycgb,treb,hlye,ygam,chaa,csga,yqjc
ygew,appy,yjih,ycie,yahk,recj,yjbr,arnb,cada,yhim,cbpm,appc,hded,hyac,cyod,yjdc,ybat,cbpa,aidb,grxb,pepb,treb,csgd,yjjv,glga,flin,yhha,insz,ygiv,yjdi,yqjk,yhjy,yjdj,yiis,hyaa,glsa,yehe,hlye,adic,yqjd,sdac,yedq,ygiw,yqjc,gapc,csgf,osmc,hyad,appb,ivy,hyaf,yjju,cfa,ssna,arca
glsa,aidb,yhim,hded,cbpm,appy,kch,appa,cbpa,hyaa,yjju,hyad,ycac,hyaf,ybat,hyae,yjbq,hyac,ygew,cfa,fdx,poxb,adic,appc,yccb,yiis,gapc,fbab,osmb,yjjv,yqje,wrba,yehe,insz,csgg,yeaq,yccj,hcha,ygiv,yahk,csgd,csgf,yjbr,hlye,otsa,hyab,pfkb,grxb,pmrd,tktb,pepb,ycie,ydih,cuer,yegp
glsa,yhim,ybat,hded,aidb,cfa,cbpm,appc,yjbq,cbpa,yiis,pfkb,kch,gapc,yjbr,appa,cada,adic,ycac,appy,ycie,hyaf,appb,hyad,ygiw,yiag,grxb,cuer,yeaq,uspd,yehe,hyaa,ydih,hyae,hyab,ygew,hlye,yccb,yegp,yqje,yjdi,otsa,hyac,yebv,elab,poxb,yjju,yccj,tktb,yjjv,yhjy,ykgo,osmc,fdx,csgf
cbpm,cfa,ybat,cbpa,kch,appy,appc,appa,yebv,glsa,yjju,aidb,yiis,gapc,hded,pfkb,yjdi,ygiv,yqjk,appb,fdx,yiag,ydam,ycif,hyac,adic,ygew,hyab,tktb,cada,ycie,hyaf,hyaa,yhim,yeaq,ykgo,yqje,yjbq,grxb,ydih,csgf,yegp,yehe,yjbr,uspd,ycac,yjih,pgi,cca,ygiw,elab,hyad,dps,ygey,cadb
cbpa,glsa,appc,hded,ybat,hyaf,yeaq,yqje,uspd,yhjy,kch,hyab,csgf,ygfk,yjbq,aidb,cbpm,xtha,pfkb,appa,yqjk,dps,yhim,trec,appy,cfa,kate,grxb,adic,appb,ygew,tpia,cada,yiis,cuer,yjdc,cadb,ycie,yjju,tord,yjbr,yqjd,yjdi,dkga,osmc,hyad,hyae,yccb,tktb,adia,insz,yjjv,ycac,fdx,otsb
hded,yhim,cfa,yjbq,cbpm,kch,ybat,ycac,glsa,aidb,gapc,ygiv,appa,hyad,yjbr,yebv,appb,appy,yccb,yiis,appc,pfkb,ycie,adic,hyaf,hyae,yqje,cbpa,hyaa,yjju,hlye,uspd,ydih,grxb,yehe,yegp,fdx,yqjk,yjjv,arnt,poxb,yjdi,yhco,ygiw,elab,cuer,tktb,dps,yiag,yhjy,osmc,ygew,cada,yeaq,otsa
